codigo;nome;fonte
"AC VX";"ACABAMENTO VELLOX";"PC Factory D0021 - Recurso"
"ACOPLA";"ACOPLAMENTO";"PC Factory D0021 - Recurso"
"ALMOX";"SEPARAÇÃO ALMOX PM";"PC Factory D0021 - Recurso"
"ALMOX1";"SEPARAÇÃO ALMOX PC";"PC Factory D0021 - Recurso"
"ALMOX4";"ALMOX F IV";"PC Factory D0021 - Recurso"
"ALMOXF4";"ALMOX4";"PC Factory D0021 - Recurso"
"ALMOXS";"SEPARAÇÃO ALMOX SOLDA";"PC Factory D0021 - Recurso"
"BICOS";"BICOS LATERAIS / REGULAGEM";"PC Factory D0021 - Recurso"
"BICOS.";"PRE MONTAGEM BICOS";"PC Factory D0021 - Recurso"
"BRACO";"PRE MONTAGEM BRAÇOS";"PC Factory D0021 - Recurso"
"BRACOS";"BRAÇOS";"PC Factory D0021 - Recurso"
"C X10";"SOLDA CENTRO X10";"PC Factory D0021 - Recurso"
"CAB-PC";"TESTE MECANICO PC";"PC Factory D0021 - Recurso"
"CAB102";"CABEÇALHO 102";"PC Factory D0021 - Recurso"
"CAB210";"CABEÇALHO 210";"PC Factory D0021 - Recurso"
"CARAC";"PRE MONTAGEM CARACOL";"PC Factory D0021 - Recurso"
"CARREG";"DISPOSITIVO DE CARREGAMENTO";"PC Factory D0021 - Recurso"
"CG- FIL05";"SOLDA CARRETAS FILIAL 05";"PC Factory D0021 - Recurso"
"CG.ADE";"MONTAGEM ADESIVOS";"PC Factory D0021 - Recurso"
"CG.CHA";"MONTAGEM CHASSI";"PC Factory D0021 - Recurso"
"CG.LON";"MONTAGEM LONA";"PC Factory D0021 - Recurso"
"CG.PRE";"PRE MONT REVESTIME";"PC Factory D0021 - Recurso"
"CG.SOB";"MONTAGEM SOBRE CAIXA";"PC Factory D0021 - Recurso"
"CG.TAN";"MONT TANQUE/SOBRECX";"PC Factory D0021 - Recurso"
"CG.TRA";"MONT TRANSM/HIDRAU";"PC Factory D0021 - Recurso"
"CG.TUB";"MONTAGEM TUBOS";"PC Factory D0021 - Recurso"
"CGTEST";"TESTE PRODU/LUBRIF";"PC Factory D0021 - Recurso"
"CHAPAS";"CHAPA / FECHAMENTO SENSOR";"PC Factory D0021 - Recurso"
"CHARLES";"CHARLES";"PC Factory D0021 - Recurso"
"CNC-01";"CNC ROMI 01";"PC Factory D0021 - Recurso"
"CNC-02";"CNC EUROSTEC 01";"PC Factory D0021 - Recurso"
"CS DOS";"MONT DOSADOR";"PC Factory D0021 - Recurso"
"CS.ADE";"MONTAGEM ADESIVOS";"PC Factory D0021 - Recurso"
"CS.BRO";"MONT BRACOS E ROLOS";"PC Factory D0021 - Recurso"
"CS.CHA";"MONT CHASSI E RODADO";"PC Factory D0021 - Recurso"
"CS.HID";"MONT HIDRAULICA/TURBINA";"PC Factory D0021 - Recurso"
"CS.PLO";"MONT PLATAFORMA E LONA";"PC Factory D0021 - Recurso"
"CS.TAN";"MONTAGEM TANQUE";"PC Factory D0021 - Recurso"
"CSTEST";"TESTE PROD/LUBRIF";"PC Factory D0021 - Recurso"
"D01DSR";"PRE MONTAGEM TERRUS DSR";"PC Factory D0021 - Recurso"
"D1DSR";"PRE MONT TERRUS DSR";"PC Factory D0021 - Recurso"
"D01DUO";"PRE MONTAGEM TERRUS DUO";"PC Factory D0021 - Recurso"
"D01DXS";"PRE MONTAGEM TERRUS DXS";"PC Factory D0021 - Recurso"
"D01PRO";"SOLDAGEM PROTOTIPO";"PC Factory D0021 - Recurso"
"D02CHT";"MONTAGEM CHAPAS TANQUE";"PC Factory D0021 - Recurso"
"D02DSR";"SOLDAGEM TERRUS DUO";"PC Factory D0021 - Recurso"
"D2DSR";"TERRUS DSR";"PC Factory D0021 - Recurso"
"D02DUO";"SOLDAGEM TERRUS DUO";"PC Factory D0021 - Recurso"
"D02DXS";"SOLDAGEM TERRUS DXS";"PC Factory D0021 - Recurso"
"D04CHA";"SOLDAGEM CHASSI CARRETA";"PC Factory D0021 - Recurso"
"D05CAB";"SOLDAGEM CABECALHO CARRETA";"PC Factory D0021 - Recurso"
"D06EIX";"SOLDAGEM EIXO CARRETA";"PC Factory D0021 - Recurso"
"D14CHA";"SOLDAGEM CHASSI 14";"PC Factory D0021 - Recurso"
"D14CHT";"MONTAGEM CHAPAS TANQUE 14";"PC Factory D0021 - Recurso"
"D14EIX";"SOLDAGEM EIXO CARRETA 14";"PC Factory D0021 - Recurso"
"D14STQ";"SOLDAGEM TANQUE CARRETA 14";"PC Factory D0021 - Recurso"
"D01510";"PRE MONT CHASSI FRONTAL 510";"PC Factory D0021 - Recurso"
"D02510";"SOLDAGEM CHASSI 510";"PC Factory D0021 - Recurso"
"D03510";"SOLDAGEM ARTICULAÇÃO 510";"PC Factory D0021 - Recurso"
"D04510";"PRE MONTAGEM CENTRAL BOSCH 510";"PC Factory D0021 - Recurso"
"D05510";"SOLDAGEM CENTRAL BOSCH 510";"PC Factory D0021 - Recurso"
"D06510";"SOLDAGEM EIXO 510";"PC Factory D0021 - Recurso"
"D07510";"SOLDAGEM LAMINA 510";"PC Factory D0021 - Recurso"
"DC BA";"MON BAS GAR DI";"PC Factory D0021 - Recurso"
"DC CSS";"PRE MONT CAI SS";"PC Factory D0021 - Recurso"
"DC PRE";"PRE MONT BASTAO";"PC Factory D0021 - Recurso"
"DC ROL";"MONT ROLOS E BRAÇOS";"PC Factory D0021 - Recurso"
"DC SHI";"MONT SEEDING";"PC Factory D0021 - Recurso"
"DC.ADE";"MONTAGEM ADESIVOS";"PC Factory D0021 - Recurso"
"DC.CHA";"MONTAGEM CHASSI";"PC Factory D0021 - Recurso"
"DC.DCO";"MONT DISCO/COLUNA";"PC Factory D0021 - Recurso"
"DC.HAS";"MONTAGEM HASTES";"PC Factory D0021 - Recurso"
"DC.NLT";"MONT. NIVELADOR LAT";"PC Factory D0021 - Recurso"
"DC.PRE";"PRE MONTAGEM HASTES";"PC Factory D0021 - Recurso"
"DC.PST";"PRE MON SIST ARRASTO";"PC Factory D0021 - Recurso"
"DC.ROL";"MONTAGEM ROLOS";"PC Factory D0021 - Recurso"
"DC.SHD";"MONT SIST HIDRAULICO";"PC Factory D0021 - Recurso"
"DC.STH";"MONT SIST ARRAS/HIDR";"PC Factory D0021 - Recurso"
"DCTEST";"TESTE PROD/LUBRIF";"PC Factory D0021 - Recurso"
"DECK";"ATUADOR";"PC Factory D0021 - Recurso"
"DECKPC";"PRE MONTAGEM DECK";"PC Factory D0021 - Recurso"
"DESM1";"DESMONTAGEM 1";"PC Factory D0021 - Recurso"
"DESM2";"DESMONTAGEM";"PC Factory D0021 - Recurso"
"DISPEX";"DISPOSITIVO EXPORTAÇÃO";"PC Factory D0021 - Recurso"
"DISPG";"DISPOSITIVO GENERICO";"PC Factory D0021 - Recurso"
"DISPOEX";"DISPOSITIVOS EXP";"PC Factory D0021 - Recurso"
"DISPOG";"DISPOSITIVO GENERICO";"PC Factory D0021 - Recurso"
"DISPOS";"REFORMA DISPOSITIVOS";"PC Factory D0021 - Recurso"
"DOBRA1";"GASPARINI";"PC Factory D0021 - Recurso"
"DOBRA2";"HG2204";"PC Factory D0021 - Recurso"
"DOBRA3";"EGB1303";"PC Factory D0021 - Recurso"
"ESTAMP";"ESTAMPAGEM";"PC Factory D0021 - Recurso"
"ESTEIR";"ESTEIRAS";"PC Factory D0021 - Recurso"
"ESTIC";"ESTICADORES";"PC Factory D0021 - Recurso"
"ESTUFA";"SECAGEM PINTURA";"PC Factory D0021 - Recurso"
"FRENTE";"FRONTAL LINHAS";"PC Factory D0021 - Recurso"
"FRESA1";"EUROSTEC FTV3I";"PC Factory D0021 - Recurso"
"HASTE";"SOLDA HASTE";"PC Factory D0021 - Recurso"
"HIDRA";"HIDRAULICA E ELETRICA";"PC Factory D0021 - Recurso"
"INSPE1";"INSPEÇÃO QUALIDADE";"PC Factory D0021 - Recurso"
"INSPE2";"INSPEÇÃO PINTURA";"PC Factory D0021 - Recurso"
"INSPEC";"INSPEÇÃO QUALIDADE";"PC Factory D0021 - Recurso"
"JATO";"JATEAMENTO";"PC Factory D0021 - Recurso"
"LASER1";"CORTE LASER";"PC Factory D0021 - Recurso"
"LINHAS";"MONTAGEM LINHAS";"PC Factory D0021 - Recurso"
"LIXAD";"LIXADEIRA CHANFRO";"PC Factory D0021 - Recurso"
"MESAS";"MESAS X10";"PC Factory D0021 - Recurso"
"ML5";"MONTAGEM.LAMINA.510";"PC Factory D0021 - Recurso"
"MOLINE";"MOLINETE PC";"PC Factory D0021 - Recurso"
"MONTAGEM PM05";"MONTAGEM PM 05";"PC Factory D0021 - Recurso"
"MPRT1";"MONTAGEM";"PC Factory D0021 - Recurso"
"MPRT2";"MONTAGEM 2";"PC Factory D0021 - Recurso"
"MPRT3";"MONTAGEM";"PC Factory D0021 - Recurso"
"MT NT";"MONT SOLDA TILLER";"PC Factory D0021 - Recurso"
"MT VX";"MONTAGEM VELLOX";"PC Factory D0021 - Recurso"
"MT.ADE";"MONT.ADESIVOS PRO";"PC Factory D0021 - Recurso"
"MT.CHA";"MONT.CHASSI PRO";"PC Factory D0021 - Recurso"
"MT.ELE";"MONT.ELETRICA PRO";"PC Factory D0021 - Recurso"
"MT.HID";"MONTA.HIDRAULICA PRO";"PC Factory D0021 - Recurso"
"MT.LIN";"MONT.LINHAS PRO";"PC Factory D0021 - Recurso"
"MT.MAN";"MONT.MANGUEIRAS PRO";"PC Factory D0021 - Recurso"
"MT.PRI";"MONTA.PRINCIPAL PRO";"PC Factory D0021 - Recurso"
"MT.ROD";"MONTA.RODADO PRO";"PC Factory D0021 - Recurso"
"MT.TRA";"MONTA.TRANSM PRO";"PC Factory D0021 - Recurso"
"NT CAB";"CABEÇALHO TILLER";"PC Factory D0021 - Recurso"
"NT CH";"CHASSI TILLER";"PC Factory D0021 - Recurso"
"NT RO";"ROLOS TILLER";"PC Factory D0021 - Recurso"
"NT.ADE";"MONTAGEM ADESIVOS";"PC Factory D0021 - Recurso"
"NT.CRD";"MONT CHASSI/RODADO";"PC Factory D0021 - Recurso"
"NT.DBR";"MONTAGEM DISCO/BRACO";"PC Factory D0021 - Recurso"
"NT.HID";"MONTAGEM HIDRAULICA";"PC Factory D0021 - Recurso"
"NT.PRE";"PRE MONT DISCO/BRACO";"PC Factory D0021 - Recurso"
"NTTEST";"TESTE PROD/LUBRIF";"PC Factory D0021 - Recurso"
"P 2895";"SOLDA ACOPLAMENTO";"PC Factory D0021 - Recurso"
"P 2904";"1º ETAPA";"PC Factory D0021 - Recurso"
"P 2905";"3° ETAPA";"PC Factory D0021 - Recurso"
"P 2915";"PRE MONTAGEM CHASSI PC";"PC Factory D0021 - Recurso"
"P 3239";"PRE MONTAGEM CHASSI PM";"PC Factory D0021 - Recurso"
"P 3276";"ACABAMENTO X10";"PC Factory D0021 - Recurso"
"P 3344";"SOLDA FLANGES";"PC Factory D0021 - Recurso"
"P 4948";"4° ETAPA";"PC Factory D0021 - Recurso"
"P 4949";"2º ETAPA";"PC Factory D0021 - Recurso"
"P ARTL";"pre mont lamina 710";"PC Factory D0021 - Recurso"
"P CAB";"PRE CABEÇALHO";"PC Factory D0021 - Recurso"
"P CAB7";"pre mont cabeçalho 710";"PC Factory D0021 - Recurso"
"P CEN";"pre mont central 710";"PC Factory D0021 - Recurso"
"P EIX";"pre mont 710";"PC Factory D0021 - Recurso"
"P INT";"pre mont intermediário";"PC Factory D0021 - Recurso"
"P PRI";"pre mont principal";"PC Factory D0021 - Recurso"
"PINT.L";"PINTURA F IV";"PC Factory D0021 - Recurso"
"PL-PI";"PRODUTIVA";"PC Factory D0021 - Recurso"
"PLASMA";"PLASMA";"PC Factory D0021 - Recurso"
"PM.LIN";"PRE MONT LINHAS PRO";"PC Factory D0021 - Recurso"
"PM.PRI";"PRE MONT PRINC PRO";"PC Factory D0021 - Recurso"
"PM1TCG";"CONJ.SOLD.TANQUE PRÉ.MON.1";"PC Factory D0021 - Recurso"
"PM1V";"PRE.MON.1.VELLOX";"PC Factory D0021 - Recurso"
"PM2TC";"CONJ.SOLD.TANQUE PRÉ.MON.2";"PC Factory D0021 - Recurso"
"PM102";"PRE.MON.102";"PC Factory D0021 - Recurso"
"PM210";"PRE.MON.210";"PC Factory D0021 - Recurso"
"PMARCG";"PM.ARTICULAÇÃO RODADO";"PC Factory D0021 - Recurso"
"PMART";"PRE.MONT.ART.710";"PC Factory D0021 - Recurso"
"PMART3";"PRE.MON.ART.310";"PC Factory D0021 - Recurso"
"PMART5";"PRE.MON.ART.510";"PC Factory D0021 - Recurso"
"PMARTT";"PRE.MON.ART.TRASEIRA.710";"PC Factory D0021 - Recurso"
"PMB";"PRE.MON.BOSCH.510";"PC Factory D0021 - Recurso"
"PMBCG";"PM.SOLD. BASE TANQUE";"PC Factory D0021 - Recurso"
"PMBTCG";"PM.BARRA DE TRAÇÃO";"PC Factory D0021 - Recurso"
"PMC3";"PM.CAB.310";"PC Factory D0021 - Recurso"
"PMC8";"PM.CAPELA";"PC Factory D0021 - Recurso"
"PMC09";"PM.CABECALHO UPGRAIN";"PC Factory D0021 - Recurso"
"PMCABC";"PRE.MON.CAB.710";"PC Factory D0021 - Recurso"
"PMCC";"PRE.MON.CENTRAL CHASSI.T";"PC Factory D0021 - Recurso"
"PMCCG";"PM.COMPORTA";"PC Factory D0021 - Recurso"
"PMCCT";"PM.CHA.CENTRAL.TILLER";"PC Factory D0021 - Recurso"
"PMCDT";"PM.CHA.DIR.TILLER";"PC Factory D0021 - Recurso"
"PMCET";"PM.CHA.ESQ.TILLER";"PC Factory D0021 - Recurso"
"PMCFT";"PM.CAB.FRONTAL.TILLER";"PC Factory D0021 - Recurso"
"PMCHAC";"PRE.MON.CHASSI.CENTRAL.710";"PC Factory D0021 - Recurso"
"PMCINT";"PRE.MON.CHASSI.INTER.710";"PC Factory D0021 - Recurso"
"PMCLCG";"PM.CHAPAS LATERAIS";"PC Factory D0021 - Recurso"
"PMCLV";"PRE.SOL.Pre-Montagens.Vellox";"PC Factory D0021 - Recurso"
"PMCP";"PRE.MON.CHAS.PRODUTTIVA";"PC Factory D0021 - Recurso"
"PMCPRI";"PRE.MON.CHASSI.PRINC.710";"PC Factory D0021 - Recurso"
"PMCSAP";"PRE.MON. ACOPLA.PADRAO";"PC Factory D0021 - Recurso"
"PMCTT";"PM.CABECALHO TRASEIRA";"PC Factory D0021 - Recurso"
"PMCV";"PRE.MON.CHAPAS.LATERAIS.VELLOX";"PC Factory D0021 - Recurso"
"PMDSR";"PRE.MON.DSR";"PC Factory D0021 - Recurso"
"PMDUO";"PRE.MON.DUO";"PC Factory D0021 - Recurso"
"PMDXS";"PRE.MON.DXS";"PC Factory D0021 - Recurso"
"PME5";"PRE.MON.EIXO.510";"PC Factory D0021 - Recurso"
"PMECCG";"PM.CONJ.SOLD. EIXO CENTRAL";"PC Factory D0021 - Recurso"
"PMEIX3";"PRE.MON.EIXO.310";"PC Factory D0021 - Recurso"
"PMEIXO";"PRE.MON.EIXO.710";"PC Factory D0021 - Recurso"
"PMENGC";"PRE.MON.ENG.CAB.710";"PC Factory D0021 - Recurso"
"PMESAS";"PRE-MONTAGEM MESAS";"PC Factory D0021 - Recurso"
"PMF5";"PRE.MON.FRONTAL.510";"PC Factory D0021 - Recurso"
"PMGGC";"PM.Grades";"PC Factory D0021 - Recurso"
"PML3";"PRE.MON.LAMINA.310";"PC Factory D0021 - Recurso"
"PMLC9";"PM. LANÇA";"PC Factory D0021 - Recurso"
"PMLRL";"PRE.MON,LATERAL.ESQ.DIR";"PC Factory D0021 - Recurso"
"PMMP";"PM.sol.colunas";"PC Factory D0021 - Recurso"
"PMMR";"PRE.MON.MESA";"PC Factory D0021 - Recurso"
"PMPB";"PRE.MON.PÉ.BOSCH";"PC Factory D0021 - Recurso"
"PMPC3";"PM.PÉ.CABEÇALHO.310";"PC Factory D0021 - Recurso"
"PMRD";"Pre Montagem Rolo Duo";"PC Factory D0021 - Recurso"
"PMRDE";"PRE.MON.RODA.ESQ/DIR.TILLER";"PC Factory D0021 - Recurso"
"PMREDT";"PM.RODA DIR/ESQ.TILLER";"PC Factory D0021 - Recurso"
"PMRT";"PRE.MON.ROL.TILLER";"PC Factory D0021 - Recurso"
"PMRTCG";"PRE.SOL.SUPORTE TILLER";"PC Factory D0021 - Recurso"
"PMSCT";"CABEÇALHO TERRUS";"PC Factory D0021 - Recurso"
"PMSCV";"PRE.MON.SOL.CHAPEU.VELLOX";"PC Factory D0021 - Recurso"
"PMSDT";"PM.SUPORTE.DISCO.TILLER";"PC Factory D0021 - Recurso"
"PMSEDC";"PM. SUPORTE EIXO DIRECIONAL";"PC Factory D0021 - Recurso"
"PMSEDCG";"PM.SUPORTE EIXO DIANTEIRO";"PC Factory D0021 - Recurso"
"PMSETCG";"PM.SUPORTE EIXO TRASEIRO";"PC Factory D0021 - Recurso"
"PMSGT";"PRE.SOL.GENERICOS.TILLER";"PC Factory D0021 - Recurso"
"PMSO";"PRE.SOL.MENORES";"PC Factory D0021 - Recurso"
"PMSOL";"PRE.SOL.CJ.MENORES";"PC Factory D0021 - Recurso"
"PMSOLA";"PRE-SOL-ADAPTADORES";"PC Factory D0021 - Recurso"
"PMSRD";"Pre-Montagem Rolo Duo";"PC Factory D0021 - Recurso"
"PMSRT";"PRE-MONTAGEM MENORES";"PC Factory D0021 - Recurso"
"PMT VX";"PRE MONTAGEM VELLOX";"PC Factory D0021 - Recurso"
"PMTA3";"PRÉ.MON.TUB.ART.310";"PC Factory D0021 - Recurso"
"PMTB";"PRÉ.MON.TUBO.BOSCH";"PC Factory D0021 - Recurso"
"PMTC3";"PRE.MON.TUB.CAB.310";"PC Factory D0021 - Recurso"
"PMTCG";"PM.Travessas";"PC Factory D0021 - Recurso"
"PMTF";"PRE.MON.TUB.FRONT.510";"PC Factory D0021 - Recurso"
"PMTPC";"PRE.MON.TUB.PÉ.CAB.310";"PC Factory D0021 - Recurso"
"PMTRC";"PRE.MON.TUB.REF.CHASSI";"PC Factory D0021 - Recurso"
"PMTRCG";"PM.SOLD. TRAVAMENTO RODADO";"PC Factory D0021 - Recurso"
"PN.ADE";"MONTAGEM ADESIVOS";"PC Factory D0021 - Recurso"
"PN.CHA";"MONTAGEM CHASSI";"PC Factory D0021 - Recurso"
"PN.HID";"MONTAGEM HIDR/ELETRI";"PC Factory D0021 - Recurso"
"PN.LAM";"MONTAGEM LAMINA";"PC Factory D0021 - Recurso"
"PN.PNE";"MONT. PNEUS/ANTENAS";"PC Factory D0021 - Recurso"
"PNTEST";"TESTE PROD/LUBRIF";"PC Factory D0021 - Recurso"
"PRE 01";"PRE MONTAGEM";"PC Factory D0021 - Recurso"
"PRE CH";"PRE MONT CHASSI";"PC Factory D0021 - Recurso"
"PRE MON PM05";"PRE MONTAGEM PM05";"PC Factory D0021 - Recurso"
"PRE SI";"PRE MONT SISTEM";"PC Factory D0021 - Recurso"
"PRE TM";"PRE TRANSMISSAO";"PC Factory D0021 - Recurso"
"PRE-TQ";"PRE MONTAGEM TANQUE CARRETA";"PC Factory D0021 - Recurso"
"PROT.MONT";"PROT.MONT";"PC Factory D0021 - Recurso"
"PRE14";"PRE MONTAGEM TANQUE CARRETA 14";"PC Factory D0021 - Recurso"
"PREMTG";"PRE-MONTAGEM";"PC Factory D0021 - Recurso"
"PREP";"PREPARAÇÃO PINTURA";"PC Factory D0021 - Recurso"
"PTB PE";"PRE MONT TUBO PE";"PC Factory D0021 - Recurso"
"REBAIX";"REBAIXO";"PC Factory D0021 - Recurso"
"REBARB";"REBARBAÇÃO";"PC Factory D0021 - Recurso"
"REFORG";"REFORMAS GENERICAS";"PC Factory D0021 - Recurso"
"RETOQ";"RETOQUE PINTURA 1";"PC Factory D0021 - Recurso"
"RETOQ1";"RETOQUE";"PC Factory D0021 - Recurso"
"RETR";"RETRABALHO";"PC Factory D0021 - Recurso"
"RETRABALHO";"RETRABALHO";"PC Factory D0021 - Recurso"
"ROBO P";"SOLDA ROBO CHASSI PRIME";"PC Factory D0021 - Recurso"
"ROBO S";"SOLDA ROBO CHASSI S";"PC Factory D0021 - Recurso"
"ROSQU";"TAKT2";"PC Factory D0021 - Recurso"
"S ART";"SOLDA ARTICULAÇÃO LAMINA";"PC Factory D0021 - Recurso"
"S ARTL";"solda art lamina 710";"PC Factory D0021 - Recurso"
"S CAB";"SOLDA CABEÇALHO 710";"PC Factory D0021 - Recurso"
"S CEN";"SOLDA CENTRAL 710";"PC Factory D0021 - Recurso"
"S EIX";"SOLDA EIXO TRASEIRO 710";"PC Factory D0021 - Recurso"
"S INT";"SOLDA INTERMEDIÁRIA 710";"PC Factory D0021 - Recurso"
"S PRI";"SOLDA PRINCIPAL 710";"PC Factory D0021 - Recurso"
"S TUB7";"SOLDA TUBOS 710";"PC Factory D0021 - Recurso"
"S102";"SOL.102";"PC Factory D0021 - Recurso"
"S210";"SOL.210";"PC Factory D0021 - Recurso"
"SARCG";"SOLD. ARTICULAÇÃO RODADO";"PC Factory D0021 - Recurso"
"SART";"Solda Articulação 710";"PC Factory D0021 - Recurso"
"SART3";"SOL.ART.310";"PC Factory D0021 - Recurso"
"SART5";"SOLDA.ART.510";"PC Factory D0021 - Recurso"
"SARTT";"SOL.ART.TRASEIRA.710";"PC Factory D0021 - Recurso"
"SB7";"SOL.BOSCH";"PC Factory D0021 - Recurso"
"SBCG";"SOLD. BASE TANQUE";"PC Factory D0021 - Recurso"
"SBTCG";"SOLD. BARRA DE TRAÇÃO";"PC Factory D0021 - Recurso"
"SC3";"SOL.CAB.310";"PC Factory D0021 - Recurso"
"SCAB7";"SOL.CAB.710";"PC Factory D0021 - Recurso"
"SCC";"SOL.CENTRAL CHASSI.P";"PC Factory D0021 - Recurso"
"SCCG";"SOLD.COMPORTA";"PC Factory D0021 - Recurso"
"SCCG8";"SOLD.CAPELA";"PC Factory D0021 - Recurso"
"SCCGmm";"SOLD.CABECALHO UPGRAIN";"PC Factory D0021 - Recurso"
"SCCT";"SOL.CHA.CENTRAL.TILLER";"PC Factory D0021 - Recurso"
"SCDT";"SOL.CHA.DIR.TILLER";"PC Factory D0021 - Recurso"
"SCET";"SOL.CHA.ESQ.TILLER";"PC Factory D0021 - Recurso"
"SCFT";"SOL.CAB.FRONTAL.TILLER";"PC Factory D0021 - Recurso"
"SCGm8";"SOLD.TANQUE";"PC Factory D0021 - Recurso"
"SCHAC";"SOL.CHASSI.CENTRAL.710";"PC Factory D0021 - Recurso"
"SCINT";"SOL.CHASSI.INTE.710";"PC Factory D0021 - Recurso"
"SCLCGm";"SOL.CHAPAS LATERAIS";"PC Factory D0021 - Recurso"
"SCLV";"SOL.LATERAIS.VELLOX";"PC Factory D0021 - Recurso"
"SCP";"SOL.CHAS.PRODUTIVA";"PC Factory D0021 - Recurso"
"SCPRI";"SOL.CHASSI.PRINC.710";"PC Factory D0021 - Recurso"
"SCRLP";"SOL.COLUNA.DIR.ESQ";"PC Factory D0021 - Recurso"
"SCSAP";"SOL. ACOPLA.PADRAO";"PC Factory D0021 - Recurso"
"SCTT";"SOL.CABECALHO TRASEIRO.TILLER";"PC Factory D0021 - Recurso"
"SCV";"SOL.COLUNAS.VELLOX";"PC Factory D0021 - Recurso"
"SDSR";"SOL.DSR";"PC Factory D0021 - Recurso"
"SDUO";"SOL.DUO";"PC Factory D0021 - Recurso"
"SDXS";"SOL.DRS";"PC Factory D0021 - Recurso"
"SE5";"SOL.EIXO.510";"PC Factory D0021 - Recurso"
"SECCG";"S.CONJ.SOLD. EIXO CENTRAL";"PC Factory D0021 - Recurso"
"SEIXO";"SOLDA EIXO CARRETA";"PC Factory D0021 - Recurso"
"SEIXO3";"SOL.EIXO.310";"PC Factory D0021 - Recurso"
"SEIXO7";"SOL.EIXO.710";"PC Factory D0021 - Recurso"
"SENGC";"SOL.ENG.CAB.710";"PC Factory D0021 - Recurso"
"SENSOR";"SENSOR";"PC Factory D0021 - Recurso"
"SEP01";"SEPARADOR 1";"PC Factory D0021 - Recurso"
"SEP02";"SEPARAÇÃO 02";"PC Factory D0021 - Recurso"
"SEP03";"SEPARAÇÃO 03";"PC Factory D0021 - Recurso"
"SERRA1";"SERRA STARRET S4220";"PC Factory D0021 - Recurso"
"SERRA2";"SERRA STRONG SFHA10";"PC Factory D0021 - Recurso"
"SERRA3";"SERRA FRANHO RF-420";"PC Factory D0021 - Recurso"
"SERRA5";"SERRA STRONG SFDC13";"PC Factory D0021 - Recurso"
"SERVGE";"SERVIÇOS GERAIS";"PC Factory D0021 - Recurso"
"SF5";"SOLDA.FRONTAL.510";"PC Factory D0021 - Recurso"
"SGCG";"S.Grades";"PC Factory D0021 - Recurso"
"SISHID";"MONT SISTEMA HIDR";"PC Factory D0021 - Recurso"
"SL3";"SOL.LAMINA.310";"PC Factory D0021 - Recurso"
"SL5";"SOLDA.LAMINA.510";"PC Factory D0021 - Recurso"
"SLCG";"SOLD. LANÇA";"PC Factory D0021 - Recurso"
"SLRL";"SOL.LATERAL.ESQ.DIR";"PC Factory D0021 - Recurso"
"SM.ADE";"MONTAGEM ADESIVOS";"PC Factory D0021 - Recurso"
"SM.ELE";"MONTAGEM ELETRODUTOS";"PC Factory D0021 - Recurso"
"SM.LIN";"MONTAGEM LINHAS";"PC Factory D0021 - Recurso"
"SM.PRE";"PRE MONT LINHAS";"PC Factory D0021 - Recurso"
"SM.ROD";"MONTAGEM RODADO";"PC Factory D0021 - Recurso"
"SM.TAN";"MONTAGEM TANQUE";"PC Factory D0021 - Recurso"
"SMP";"SOL.MESA";"PC Factory D0021 - Recurso"
"SMRP";"SOL.MESA";"PC Factory D0021 - Recurso"
"SMSX";"Soldas Menores Serie X";"PC Factory D0021 - Recurso"
"SMTEST";"TESTE PROD/LUBRIF";"PC Factory D0021 - Recurso"
"SOL.1.V";"SOL.1.VELLOX";"PC Factory D0021 - Recurso"
"SOL.2.V";"SOL.2.VELLOX";"PC Factory D0021 - Recurso"
"SOLBER";"SOLDAGEM BERCO CARRETAS";"PC Factory D0021 - Recurso"
"SOLDA PM05";"ACABAMENTO PM05";"PC Factory D0021 - Recurso"
"SOLDA4";"SOLDAGEM";"PC Factory D0021 - Recurso"
"SOLTAN";"SOLDAGEM TANQUE CARRETA";"PC Factory D0021 - Recurso"
"SPB";"SOL.PÉ.BOSCH";"PC Factory D0021 - Recurso"
"SPC3";"SOL.PÉ.CABEÇALHO.310";"PC Factory D0021 - Recurso"
"SRD";"Solda Rolo Duo";"PC Factory D0021 - Recurso"
"SRDE";"SOL.RODA.DIR/ESQ.TILLER";"PC Factory D0021 - Recurso"
"SREDT";"SOL.RODA DIR/DIR.TILLER";"PC Factory D0021 - Recurso"
"SRT";"SOL.ROLO.TILLER";"PC Factory D0021 - Recurso"
"SRTB";"SOL.ROB.TUB.BOSCH.510";"PC Factory D0021 - Recurso"
"SRTCG";"S.CONJ.SOLD.RODADO TRASEIRO";"PC Factory D0021 - Recurso"
"SRTF";"SOL.ROB.TUB.FRONTAL.510";"PC Factory D0021 - Recurso"
"SRTPC3";"SOL.ROB.TUB.PE.CAB.310";"PC Factory D0021 - Recurso"
"SRTUBC";"SOL.ROB.TUB.CAB";"PC Factory D0021 - Recurso"
"SSDT";"SOL.SUPORTE.DISCO.TILLER";"PC Factory D0021 - Recurso"
"SSEDCG";"SOLD. SUPORTE EIXO DIRECIONAL";"PC Factory D0021 - Recurso"
"SSEDCGm";"SOL.SUPORTE EIXO DIANTEIRO";"PC Factory D0021 - Recurso"
"SSETCG";"SOL.SUPORTE EIXO TRASEIRO";"PC Factory D0021 - Recurso"
"SSRD";"Solda Suporte Rolo DUO";"PC Factory D0021 - Recurso"
"STA3";"SOL.TUB.ART.310";"PC Factory D0021 - Recurso"
"STC3";"SOL.TUB.CAB.310";"PC Factory D0021 - Recurso"
"STCG";"S.Travessas";"PC Factory D0021 - Recurso"
"STRC";"pre.sol.menores tiller";"PC Factory D0021 - Recurso"
"STRCG";"SOLD. TRAVAMENTO RODADO";"PC Factory D0021 - Recurso"
"TCNC-1";"TORNO CNC 01";"PC Factory D0021 - Recurso"
"TESTCG";"TESTE FINAL CARRETAS";"PC Factory D0021 - Recurso"
"TESTCS";"TESTE FINAL FERTTI";"PC Factory D0021 - Recurso"
"TESTDC";"TESTE FINAL TERRUS";"PC Factory D0021 - Recurso"
"TESTE";"TESTE PM";"PC Factory D0021 - Recurso"
"TESTE1";"TESTE FINAL FLEXER";"PC Factory D0021 - Recurso"
"TESTE10";"TESTEMES";"PC Factory D0021 - Recurso"
"TESTEP";"TESTE FINAL PRO";"PC Factory D0021 - Recurso"
"TESTNT";"TESTE FINAL TILLER";"PC Factory D0021 - Recurso"
"TESTPN";"TESTE FINAL PLAINA";"PC Factory D0021 - Recurso"
"TESTSM";"TEST FINAL SEMEADORA";"PC Factory D0021 - Recurso"
"TINTA";"PINTURA LIQUIDA";"PC Factory D0021 - Recurso"
"TORNOC";"NARDINI ND250";"PC Factory D0021 - Recurso"
"TRAN";"TRANSMISSAO PC";"PC Factory D0021 - Recurso"
"TRANSM";"TRANSMISSAO";"PC Factory D0021 - Recurso"
"VELLOX";"VELLOX";"PC Factory D0021 - Recurso"
"X10";"X10";"PC Factory D0021 - Recurso"
